Articul,Name,URL,Price,Promo Price,Brand
473978,"Вода Святой Источник негазированная, 500мл",https://online.metro-cc.ru/products/svyatoj-istochnik-negazirovannaya-05-l-473978,40.0,,СВЯТОЙ ИСТОЧНИК
456829,"Вода Святой Источник негазированная, 330мл",https://online.metro-cc.ru/products/svyatoj-istochnik-negazirovannaya-033-l-456829,30.49,19.9,СВЯТОЙ ИСТОЧНИК
482548,"Вода Святой Источник Спортик для детей негазированная, 330мл",https://online.metro-cc.ru/products/svyatoj-istochnik-sportik-033-l-482548,34.49,,СВЯТОЙ ИСТОЧНИК
279245,"Вода Святой Источник Спортик для детей негазированная, 330мл x 12 шт",https://online.metro-cc.ru/products/art_279245,442.81,,СВЯТОЙ ИСТОЧНИК
454308,"Вода Святой Источник негазированная, 1л",https://online.metro-cc.ru/products/pityevaya-svyatoj-istochnik-negazirovannaya-1-l,47.5,,СВЯТОЙ ИСТОЧНИК
14543,"Вода Святой Источник газированная, 1л",https://online.metro-cc.ru/products/svyatoj-istochnik-gazirovannaya-pet-1l,47.5,,СВЯТОЙ ИСТОЧНИК
412898,"Вода питьевая Шишкин лес Спорт негазированная, 1л",https://online.metro-cc.ru/products/shishkin-les-sport-1l,58.9,,ШИШКИН ЛЕС
91737,"Вода Легенда гор Архыз негазированная, 5л",https://online.metro-cc.ru/products/gazirovannaya-legenda-gor-arhyz-5l,115.0,84.9,ЛЕГЕНДА ГОР АРХЫЗ
63855,"Вода Черноголовка природная негазированная, 5л",https://online.metro-cc.ru/products/chernogolovskaya-bez-gaza-5l,105.0,86.9,ЧЕРНОГОЛОВКА
474024,"Вода Сенежская питьевая негазированная, 500мл",https://online.metro-cc.ru/products/senezhskaya-negazirovannaya-05-l,22.99,16.9,СЕНЕЖСКАЯ
107639,"Вода Baikal430 Байкальская глубинная вода негазированная, 850мл x 6 шт",https://online.metro-cc.ru/products/baikal-430-bajkalskaya-glubinnaya-negazirovannaya-085-l,599.4,,BAIKAL430
653759,"Вода Baikal430 Байкальская глубинная вода негазированная, 450мл x 12 шт",https://online.metro-cc.ru/products/art_653759,766.8,,BAIKAL430
595355,"Вода Черноголовка питьевая негазированная, 19л",https://online.metro-cc.ru/products/chernogolovskaya-stolovaya-negazirovannaya-19l,409.0,,ЧЕРНОГОЛОВКА
395466,"Вода ФрутоНяня Детская негазированная, 330мл",https://online.metro-cc.ru/products/voda-pityevaya-detskaya-frutonyanya-negazirovannaya-330g,38.49,24.9,ФРУТОНЯНЯ
91738,"Вода Псыж газированная, 1л",https://online.metro-cc.ru/products/art_91738,57.9,44.9,ПСЫЖ
4183,"Вода Шишкин лес питьевая негазированная, 5л",https://online.metro-cc.ru/products/shishkin-les-negazirovannaya-5l,112.0,,ШИШКИН ЛЕС
457133,"Вода Borjomi природная минеральная газированная стекло, 500мл",https://online.metro-cc.ru/products/borjomi-gazirovannaya-steklo-05-l,133.0,,BORJOMI
473582,Вода Шишкин лес питьевая негазированная 1.75л,https://online.metro-cc.ru/products/shishkin-les-negazirovannaya-175l-473582,55.9,39.9,ШИШКИН ЛЕС
456729,"Вода San Benedetto минеральная негазированная, 1.5л",https://online.metro-cc.ru/products/sanbenedetto-stolovaya-pityevaya-negazirovannaya-15l,247.0,209.0,SAN BENEDETTO
473976,"Вода Святой Источник негазированная, 1.5л",https://online.metro-cc.ru/products/svyatoj-istochnik-negazirovannaya-15l-473976,56.9,,СВЯТОЙ ИСТОЧНИК
481374,"Вода Nestle Pure Life артезианская негазированная, 500мл",https://online.metro-cc.ru/products/nestle-pure-life-negazirovannaya-05-l,44.49,32.9,NESTLE
222222,"Вода Архыз Vita негазированная, 5л",https://online.metro-cc.ru/products/arhyz-negazirovannaya-5-l,119.0,,АРХЫЗ
573873,"Вода Tassay питьевая негазированная, 500мл",https://online.metro-cc.ru/products/tassay-negazirovannaya-pet-05-l,46.99,37.9,TASSAY
423013,"Вода Святой Источник негазированная, 5л",https://online.metro-cc.ru/products/art_423013,132.0,,СВЯТОЙ ИСТОЧНИК
457128,"Вода Borjomi природная минеральная газированная стекло, 330мл",https://online.metro-cc.ru/products/borjomi-gazirovannaya-steklo-033-l,119.0,74.9,BORJOMI
94103,"Вода Baikal430 Байкальская глубинная вода негазированная, 850мл",https://online.metro-cc.ru/products/voda-baikal-430-bajkalskaya-glubinnaya-voda-negazirovannaya-085-l,104.0,,BAIKAL430
457131,"Вода Borjomi природная минеральная газированная, 500мл",https://online.metro-cc.ru/products/borjomi-lechebno-stolovaya-gazirovannaya-12h05-l,100.9,,BORJOMI
464846,"Вода Архыз Vita негазированная, 1.5л",https://online.metro-cc.ru/products/arhyz-negazirovannaya-15l,53.9,,АРХЫЗ
591747,"Вода Святой Источник Светлячок для детей негазированная 0+, 5л",https://online.metro-cc.ru/products/voda-dlya-detej-svyatoj-istochnik-svetlyachok-pet-5-l,141.0,109.0,СВЯТОЙ ИСТОЧНИК
480760,"Вода Jermuk минеральная газированная, 1л",https://online.metro-cc.ru/products/dzhermuk-1l-480760,102.0,,JERMUK
6880,"Вода Borjomi природная минеральная газированная, 1.25л",https://online.metro-cc.ru/products/mineralnaya-borzhomi-pet-125l,169.0,,BORJOMI
118082,"Вода Шишкин лес питьевая негазированная, 18.9л",https://online.metro-cc.ru/products/189l-shishkin-les-b-g,549.0,,ШИШКИН ЛЕС
75629,"Вода Aqua Minerale питьевая негазированная, 5л",https://online.metro-cc.ru/products/aqua-minerale-stolovaya-negazirovannaya-5l-75629,125.0,119.0,AQUA MINERALE
474022,"Вода питьевая Сенежская негазированная, 1.5л",https://online.metro-cc.ru/products/senezhskaya-bez-gaza-15l,38.99,,СЕНЕЖСКАЯ
473977,"Вода Святой Источник газированная, 1.5л",https://online.metro-cc.ru/products/svyatoj-istochnik-gazirovannaya-15l-473977,56.9,,СВЯТОЙ ИСТОЧНИК
298352,"Вода ФрутоНяня для детского питания негазированная, 1.5л",https://online.metro-cc.ru/products/voda-detskaya-frutonyanya-15l,57.9,,ФРУТОНЯНЯ
461346,"Вода Рычал-Су минеральная газированная, 1л",https://online.metro-cc.ru/products/rychal-su-1-l-461346,89.9,,РЫЧАЛ-СУ
200973,"Вода BonaAqua негазированная, 5л",https://online.metro-cc.ru/products/5l-voda-bona-aqua-bg-pet-200973,139.0,,BONAAQUA
439726,"Вода Donat Mg минеральная природная лечебная газированная, 1л",https://online.metro-cc.ru/products/donat-mg-lechebno-stolovaya-prirodnoj-gazacii-1l,319.0,,DONAT
457129,"Вода Borjomi природная минеральная газированная стекло, 330мл x 12 шт",https://online.metro-cc.ru/products/borjomi-lechebno-stolovaya-gazirovannaya-033-l-h-12sht,1308.0,898.8,BORJOMI
461364,"Вода Нарзан минеральная газированная, 500мл",https://online.metro-cc.ru/products/art_461364,69.9,,НАРЗАН
17663,"Вода Набеглави минеральная лечебно-столовая природная газированная, 1л",https://online.metro-cc.ru/products/mineralnaya-nabeglavi-1-l-17663,113.0,,НАБЕГЛАВИ
31187,"Вода Aqua Minerale питьевая негазированная, 500мл",https://online.metro-cc.ru/products/art_31187,49.9,,AQUA MINERALE
451326,"Вода Aqua Minerale питьевая газированная, 2л",https://online.metro-cc.ru/products/aqua-minerale-gazirovannaya-2l,81.9,74.9,AQUA MINERALE
395470,"Вода ФрутоНяня для детского питания негазированная, 5л",https://online.metro-cc.ru/products/voda-detskaya-frutonyanya-5l,140.0,,ФРУТОНЯНЯ
117721,"Вода Baikal430 глубинная негазированная, 5л",https://online.metro-cc.ru/products/5l-baikal430-glubinnaya-b-g-pet-117721,459.0,,BAIKAL430
76833,"Вода Ессентуки №17 минеральная лечебная газированная, 450мл",https://online.metro-cc.ru/products/essentuki-17-steklo-045-l,74.9,,ЕССЕНТУКИ
457134,"Вода Borjomi природная минеральная газированная стекло, 500мл x 12 шт",https://online.metro-cc.ru/products/borjomi-lechebno-stolovaya-gazirovannaya-05-l-h-12sht-457134,1392.0,,BORJOMI
618397,"Вода Mever природная минеральная негазированная, 500мл",https://online.metro-cc.ru/products/negazirovannaya-v-stekle-mever-05-l,72.9,,MEVER
439746,"Вода Stelmas Mg минеральная лечебно-столовая газированная, 1л",https://online.metro-cc.ru/products/mineralnaya-stemals-gazirovannaya-1-l,94.9,,STELMAS
533440,"Вода Калинов Родник питьевая негазированная, 6л",https://online.metro-cc.ru/products/kalinov-rodnik-artezianskaya-negazirovannaya-6l,106.0,,КАЛИНОВ РОДНИК
614702,"aro Вода питьевая негазированная, 19л",https://online.metro-cc.ru/products/aro-pet-19l,389.0,,ARO
451807,"Вода Ессентуки №4 минеральная лечебная газированная, 1.5л",https://online.metro-cc.ru/products/essentuki-4-15l,106.0,,ЕССЕНТУКИ
573870,"Вода Tassay питьевая негазированная, 1.5л",https://online.metro-cc.ru/products/tassay-bez-gaza-15l,74.9,,TASSAY
76830,"Вода Ессентуки №4 минеральная лечебная газированная, 450мл",https://online.metro-cc.ru/products/essentuki-4-steklo-045-l,74.9,,ЕССЕНТУКИ
461345,"Вода Рычал-Су минеральная газированная, 500мл",https://online.metro-cc.ru/products/rychal-su-05-l-461345,90.9,,РЫЧАЛ-СУ
457137,"Вода Borjomi природная минеральная газированная, 750мл",https://online.metro-cc.ru/products/borjomi-lechebno-stolovaya-gazirovannaya-6h075-l,136.0,,BORJOMI
474021,"Вода питьевая Сенежская газированная, 1.5л x 6 шт",https://online.metro-cc.ru/products/senezhskaya-gazirovannaya-15l-474021,38.99,,СЕНЕЖСКАЯ
464845,"Вода Архыз газированная, 1.5л",https://online.metro-cc.ru/products/arhyz-gazirovannaya-15l-464845,57.9,,АРХЫЗ
87367,"aro Вода питьевая негазированная, 5л",https://online.metro-cc.ru/products/aro-negazirovannaya-5l,63.9,,ARO
200947,"Вода BonaAqua негазированная, 330мл",https://online.metro-cc.ru/products/033l-voda-bona-aqua-bg-st,76.9,62.9,BONAAQUA
464848,"Вода Архыз негазированная, 500мл",https://online.metro-cc.ru/products/arhyz-negazirovannaya-05-l,39.0,,АРХЫЗ
624570,"Вода Borjomi природная минеральная газированная, 330мл",https://online.metro-cc.ru/products/mineralnaya-borjomi-v-zheleznoj-banke-12-033-l,87.9,,BORJOMI
125700,"Вода Legend of Baikal негазированная, 750мл",https://online.metro-cc.ru/products/075-l-legend-of-baikal-st-n-g-125700,136.0,,LEGEND OF BAIKAL
329142,"Вода Калинов Родник негазированная, 9л",https://online.metro-cc.ru/products/kalinov-rodnik-artezanskaya-negazirovannaya-9-l,162.0,,КАЛИНОВ РОДНИК
200957,"Вода BonaAqua негазированная, 500мл",https://online.metro-cc.ru/products/05l-voda-bona-aqua-bg-pet-200957,52.9,49.9,BONAAQUA
208638,"Вода Edis негазированная, 500мл",https://online.metro-cc.ru/products/05l-voda-edis-negaz-st-208638,154.0,,EDIS
480759,"Вода Jermuk минеральная газированная, 500мл",https://online.metro-cc.ru/products/dzhermuk-klassik-gazirovannaya-lechebno-stolovaya-05-l,82.9,,JERMUK
89093,"Вода Legend of Baikal питьевая негазированная, 500мл",https://online.metro-cc.ru/products/bez-gaza-legendy-bajkala-steklo-05-l-89093,127.0,,LEGEND OF BAIKAL
216455,"Вода минеральные San Pellegrino газированная, 1л",https://online.metro-cc.ru/products/1l-min-voda-san-pellegrino-gaz-pet-216455,264.0,,SAN PELLEGRINO
31188,"Вода Aqua Minerale питьевая газированная, 500мл",https://online.metro-cc.ru/products/art_31188,49.9,,AQUA MINERALE
216706,"Вода Нарзан газированная, 1.5л",https://online.metro-cc.ru/products/voda-narzan-gazirovannaya-15l,91.9,,НАРЗАН
93959,"Вода Ессентуки №4 минеральная лечебная газированная, 1л",https://online.metro-cc.ru/products/art_93959,82.9,,ЕССЕНТУКИ
654446,"Вода Аштау минеральная газированная, 500мл",https://online.metro-cc.ru/products/mineralnaya-ash-tau-gazirovannaya-05-l,67.9,49.9,АШТАУ
70725,"Вода Baikal Pearl негазированная, 1л",https://online.metro-cc.ru/products/zhemchuzhina-bajkala-baikal-pearl-negazirovannaya-1l-70725,118.0,,BAIKAL PEARL
451327,"Вода Aqua Minerale питьевая негазированная, 2л",https://online.metro-cc.ru/products/art_451327,81.9,74.9,AQUA MINERALE
474023,"Вода Сенежская питьевая газированная, 500мл",https://online.metro-cc.ru/products/senezhskaya-gazirovannaya-05-l,22.99,16.9,СЕНЕЖСКАЯ
200971,"Вода BonaAqua газированная, 1л",https://online.metro-cc.ru/products/1l-voda-bona-aqua-gaz-pet-200971,66.9,53.9,BONAAQUA
457132,"Вода Borjomi природная минеральная газированная, 500мл x 12 шт",https://online.metro-cc.ru/products/borjomi-lechebno-stolovaya-gazirovannaya-05-l-h-12sht,1260.0,,BORJOMI
481376,"Вода Nestle Pure Life питьевая артезианская негазированная, 2л",https://online.metro-cc.ru/products/nestle-negazirovannaya-pure-life-2l,85.9,,NESTLE
568824,"RIOBA Вода газированная, 330мл",https://online.metro-cc.ru/products/art_568824,55.9,,RIOBA
200959,"Вода BonaAqua газированная, 500мл",https://online.metro-cc.ru/products/05l-voda-bona-aqua-gaz-pet-200959,52.9,49.9,BONAAQUA
457299,"Вода Святой Источник газированная, 500мл",https://online.metro-cc.ru/products/svyatoj-istochnik-gazirovannaya-05-l-457299,40.0,,СВЯТОЙ ИСТОЧНИК
868,"Вода Святой Источник Светлячок для детей негазированная 0+, 330мл",https://online.metro-cc.ru/products/svetlyachok-svyatoj-istochnik-033-l-pet,33.5,,СВЯТОЙ ИСТОЧНИК
456728,"Вода San Benedetto минеральная газированная, 1.5л",https://online.metro-cc.ru/products/sanbenedetto-stolovaya-pityevaya-gazirovannaya-15l,247.0,209.0,SAN BENEDETTO
36622,"Вода Калинов Родник питьевая негазированная, 18.9л",https://online.metro-cc.ru/products/kalinov-rodnik-189l,449.0,,КАЛИНОВ РОДНИК
459541,"aro Вода минеральная питьевая негазированная, 500мл",https://online.metro-cc.ru/products/aro-mineralnaya-negazirovannaya-05-l,19.0,,ARO
656512,"Вода Аштау газированная, 1.5л",https://online.metro-cc.ru/products/ashtau-gazirovannaya-pet-15l,80.9,,АШТАУ
128100,"Вода Святой Источник негазированная лимон, 1.5л",https://online.metro-cc.ru/products/svyatoj-istochnik-negazirovannaya-limon-15l,78.9,,СВЯТОЙ ИСТОЧНИК
480777,"Вода Калинов Родник газированная, 1.5л",https://online.metro-cc.ru/products/kalinov-rodnik-gazirovannaya-v-upakovke-6h15l,41.5,32.9,КАЛИНОВ РОДНИК
504546,"Вода Святой Источник Sport негазированная, 750мл",https://online.metro-cc.ru/products/pityevaya-svyatoj-istochnik-sport-negazirovannaya-pet-075-l,49.49,,СВЯТОЙ ИСТОЧНИК
200961,"Вода BonaAqua негазированная, 1л",https://online.metro-cc.ru/products/1l-voda-bona-aqua-bg-pet,66.9,53.9,BONAAQUA
626293,"Вода Мтаби Нагутская-26 минеральная газированная, 1.25л",https://online.metro-cc.ru/products/mtabi-nagutskaya-26-i-125l,78.9,,МТАБИ
45086,"Вода Mever природная минеральная негазированная, 1.5л",https://online.metro-cc.ru/products/mever-bez-gaza-15l,68.9,,MEVER
118083,"Вода Шишкин лес спорт негазированная, 650мл",https://online.metro-cc.ru/products/065-l-shishkin-les-sport-b-g-118083,46.99,,ШИШКИН ЛЕС
120536,"Вода Fleur Alpine детская питьевая негазированная, 250мл",https://online.metro-cc.ru/products/detskaya-fleur-alpine-pet-025-l-120536,107.0,,FLEUR ALPINE
14830,"Вода Набеглави минеральная лечебно-столовая природная газированная, 500мл",https://online.metro-cc.ru/products/mineralnaya-nabeglavi-v-steklyannoj-butylke-05-l,103.0,,НАБЕГЛАВИ
566304,"Вода Черноголовка газированная, 1.5л",https://online.metro-cc.ru/products/art_566304,42.49,,ЧЕРНОГОЛОВКА
227350,"Вода Шишкин лес питьевая негазированная, 1л",https://online.metro-cc.ru/products/art_227350,50.9,,ШИШКИН ЛЕС
511781,"Вода Sairme родниковая негазированная, 500мл",https://online.metro-cc.ru/products/sairme-rodnikovaya-negazirovannaya-05-l,119.0,99.9,SAIRME
223612,"Вода San Benedetto газированная, 330мл",https://online.metro-cc.ru/products/033l-voda-san-benedetto-gaz-pet-223612,97.9,,SAN BENEDETTO
597379,"Вода Святой Источник Светлячок для детей негазированная 0+, 1.5л",https://online.metro-cc.ru/products/svyatoj-istochnik-svetlyachok-bez-gaza-15l,57.9,,СВЯТОЙ ИСТОЧНИК
114345,"Вода Байкальская питьевая негазированная, 500мл",https://online.metro-cc.ru/products/05-l-voda-bajkalskaya-n-g-prirpit,51.9,39.9,БАЙКАЛЬСКАЯ
473598,"Вода Perrier минеральная газированная, 330мл",https://online.metro-cc.ru/products/perrier-stolovaya-pityevaya-gazirovannaya-4h033-l,204.0,,PERRIER
4062,"Вода питьевая Сенежская негазированная, 5л",https://online.metro-cc.ru/products/senezhskaya-mineralnaya-negazirovannaya-5l,93.9,,СЕНЕЖСКАЯ
601630,"Вода Aqua Minerale питьевая газированная, 1л",https://online.metro-cc.ru/products/mineralnaya-aqua-minerale-gazirovannaya-1l,62.9,54.9,AQUA MINERALE
480658,"Вода Шишкин лес питьевая негазированная, 400мл",https://online.metro-cc.ru/products/negazirovannaya-shishkin-les-04-l-480658,37.0,,ШИШКИН ЛЕС
202485,"Вода Rare минеральная кремнистая газированная, 800мл",https://online.metro-cc.ru/products/08l-voda-rare-mineralnaya-kremnistaya-gaz-st-202485,155.0,,RARE
513646,"Вода Stelmas O2 негазированная, 1.5л",https://online.metro-cc.ru/products/stelmas-o2-negazirovannaya-15l,54.9,,STELMAS
128185,"Вода Калинов Родник для кулера негазированная, 9л",https://online.metro-cc.ru/products/kalinov-rodnik-9l,166.0,,КАЛИНОВ РОДНИК
122060,"Вода Калинов Родничок детская негазированная, 330мл",https://online.metro-cc.ru/products/033-l-kalinov-rodnichok-b-g-pet-122060,32.49,26.9,КАЛИНОВ РОДНИЧОК
115956,"Вода Stelmas минеральная природная столовая негазированная, 1.5л",https://online.metro-cc.ru/products/15l-voda-stelmas-b-g-pet-115956,51.9,,STELMAS
461363,"Вода Нарзан минеральная газированная, 1л",https://online.metro-cc.ru/products/narzan-prirodnaya-naturalnoj-gazacii-1l,79.9,,НАРЗАН
116425,"Вода San Bernardo газированная, 1.5л",https://online.metro-cc.ru/products/15l-voda-san-bernardo-gaz-pet-116425,249.0,184.9,SAN BERNARDO
568823,"RIOBA Вода негазированная, 330мл",https://online.metro-cc.ru/products/rioba-negazirovannaya-033-l,55.9,,RIOBA
549455,"Вода Baikal Reserve минеральная лечебно-столовая природная газированная, 530мл",https://online.metro-cc.ru/products/bajkal-rezerv-mineralnaya-gazirovannaya-053-l-549455,143.0,116.0,BAIKAL RESERVE
573874,"Вода Tassay питьевая газированная, 500мл",https://online.metro-cc.ru/products/tassay-gazirovannaya-pet-05-l,46.99,,TASSAY
92191,"Вода Липецкая минеральная столовая газированная, 1.5л",https://online.metro-cc.ru/products/mineralnaya-lipeckaya-rosinka-gazirovannaya-15l,44.49,32.9,ЛИПЕЦКАЯ
147457,"aro Вода негазированная, 1.5л",https://online.metro-cc.ru/products/aro-negazirovanaya-15l,32.99,,ARO
138358,"Вода San Bernardo Naturale Premium природная негазированная, 500мл",https://online.metro-cc.ru/products/05l-voda-san-bernardo-naturale-premium-pet-138358,149.0,92.9,SAN BERNARDO
223603,"Вода San Benedetto негазированная, 330мл",https://online.metro-cc.ru/products/033l-voda-san-benedetto-bg-pet-223603,97.9,,SAN BENEDETTO
59063,"Вода Сенежская питьевая негазированная, 1л",https://online.metro-cc.ru/products/art_59063,40.99,,СЕНЕЖСКАЯ
601633,"Вода Aqua Minerale питьевая негазированная, 1л",https://online.metro-cc.ru/products/bez-gaza-aqua-1-l,62.9,54.9,AQUA MINERALE
535019,"Вода Калинов Родник негазированная, 500мл",https://online.metro-cc.ru/products/negazirovannaya-kalinov-rodnik-gidrokarbonatnaya-magnievo-kalcievaya-05-l,28.49,,КАЛИНОВ РОДНИК
473979,"Вода Эдельвейс минеральная газированная, 1.5л",https://online.metro-cc.ru/products/edelvejs-gazirovannaya-15l-473979,49.99,,ЭДЕЛЬВЕЙС
473983,"Вода Биовита минеральная природная негазированная, 1.5л",https://online.metro-cc.ru/products/pityevaya-biovita-15l,66.9,,БИОВИТА
202487,"Вода Rare родниковая негазированная, 800мл",https://online.metro-cc.ru/products/08l-voda-rare-rodnikovaya-bg-pet,86.9,,RARE
93960,"Вода Ессентуки №17 минеральная лечебная газированная, 1л",https://online.metro-cc.ru/products/art_93960,82.9,,ЕССЕНТУКИ
91729,"Вода Легенда гор Архыз газированная, 1.5л",https://online.metro-cc.ru/products/gazirovannaya-legenda-gor-arhyz-15l,60.9,,ЛЕГЕНДА ГОР АРХЫЗ
84869,"Вода Липецкая Росинка Лайт со вкусом лимона и лайма газированная, 1.5л",https://online.metro-cc.ru/products/voda-gazirovannaya-limon-lajm-v-pet-lipeckaya-rosinka-15l-84869,65.9,49.9,ЛИПЕЦКАЯ РОСИНКА
125693,"Вода Legend of Baikal газированная, 750мл",https://online.metro-cc.ru/products/075-l-legend-of-baikal-st-gaz-125693,136.0,,LEGEND OF BAIKAL
116427,"Вода San Bernardo негазированная, 1.5л",https://online.metro-cc.ru/products/15l-voda-san-bernardo-b-g-pet-116427,249.0,184.9,SAN BERNARDO
573871,"Вода Tassay питьевая газированная, 1.5л",https://online.metro-cc.ru/products/tassay-prirodnaya-gazirovannaya-pet-15l,74.9,,TASSAY
147455,"aro Вода питьевая газированная, 1.5л",https://online.metro-cc.ru/products/aro-gazirovannaya-15l,32.99,,ARO
45088,"Вода Mever природная минеральная негазированная, 500мл",https://online.metro-cc.ru/products/mever-bez-gaza-05-l,41.5,,MEVER
566299,"Вода Черноголовка детская негазированная, 1.5л",https://online.metro-cc.ru/products/art_566299,47.49,,ЧЕРНОГОЛОВКА
312311,"aro Вода минеральная питьевая газированная, 500мл",https://online.metro-cc.ru/products/aro-mineralnaya-stolovaya-gazirovannaya-12h05-l,19.0,,ARO
128098,"Вода Святой Источник негазированная клубника, 1.5л",https://online.metro-cc.ru/products/svyatoj-istochnik-negazirovannaya-klubnika-15l,78.9,,СВЯТОЙ ИСТОЧНИК
210560,"Вода Легенда гор Архыз негазированная, 500мл",https://online.metro-cc.ru/products/05l-voda-legenda-gor-arhyz-bg-pet-210560,37.99,,ЛЕГЕНДА ГОР АРХЫЗ
135140,"Вода Baikal Pearl негазированная, 530мл",https://online.metro-cc.ru/products/zhemchuzhina-bajkala-negazirovannaya-530ml,139.0,116.0,BAIKAL PEARL
212946,"Вода Сенежская негазированная, 3л",https://online.metro-cc.ru/products/3l-voda-senezhskaya-bg-pet-212946,61.9,,СЕНЕЖСКАЯ
202483,"Вода Rare родниковая негазированная, 330мл",https://online.metro-cc.ru/products/033l-voda-rare-rodnikovaya-bg-pet-202483,71.9,,RARE
623284,"Вода Ессентуки №4 минеральная лечебная газированная, 500мл",https://online.metro-cc.ru/products/essentuki-4-mineralnaya-lechebno-stolovaya-gazirovannaya-05-l-12-sht,56.9,,ЕССЕНТУКИ
456949,"Вода Бжни минеральная газированная, 1л",https://online.metro-cc.ru/products/bzhni-1l-456949,115.0,,БЖНИ
79861,"Вода Aqua Minerale Active питьевая цитрус негазированная, 500мл",https://online.metro-cc.ru/products/mineralnaya-aqua-minerale-citrus-05-l,76.9,64.9,AQUA MINERALE
129718,"Вода Черноголовка Бейби детская негазированная, 2.5л",https://online.metro-cc.ru/products/loson-nivea-sun-uvlazhnyayuschij-posle-zagara-s-aloe-vera-200ml,88.9,,ЧЕРНОГОЛОВКА
91730,"Вода Легенда гор Архыз негазированная, 1.5л",https://online.metro-cc.ru/products/bez-gaza-legenda-gor-arhyz-15l,60.9,,ЛЕГЕНДА ГОР АРХЫЗ
200953,"Вода BonaAqua газированная, 330мл",https://online.metro-cc.ru/products/033l-voda-bona-aqua-gaz-st-200953,76.9,62.9,BONAAQUA
456579,"Вода San Benedetto минеральная газированная, 750мл",https://online.metro-cc.ru/products/sanbenedetto-stolovaya-pityevaya-gazirovannaya-075-l,329.0,,SAN BENEDETTO
584739,"Вода Святой Источник негазированная со вкусом лимона, 500мл",https://online.metro-cc.ru/products/svyatoj-istochnik-limon-negazirovannaya-05-l,50.9,,СВЯТОЙ ИСТОЧНИК
480778,"Вода Калинов Родник негазированная, 1.5л",https://online.metro-cc.ru/products/kalinov-rodnik-negazirovannaya-15l,41.5,32.9,КАЛИНОВ РОДНИК
210563,"Вода Легенда гор Архыз газированная, 500мл",https://online.metro-cc.ru/products/05l-voda-legenda-gor-arhyz-gaz-pet-210563,37.99,,ЛЕГЕНДА ГОР АРХЫЗ
214958,"Вода Святой Источник со вкусом персика негазированная, 1.5л",https://online.metro-cc.ru/products/15l-voda-svyatoy-istochnik-so-vkusom-persika-bg-pet-214958,78.9,,СВЯТОЙ ИСТОЧНИК
615165,"Вода Tassay питьевая негазированная, 500мл",https://online.metro-cc.ru/products/tassay-negazirovannaya-st-b-05-l,93.9,,TASSAY
111721,"Напиток Borjomi Flavored с экстрактами цитрусов и корня имбиря газированный, 330мл",https://online.metro-cc.ru/products/napitok-borjomi-flavored-water-citrusovyj-miks-imbir-bez-sahara-330-ml-111721,92.9,,BORJOMI
511775,"Вода Sairme минеральная лечебно-столовая газированная, 500мл",https://online.metro-cc.ru/products/sairme-gazirovannaya-05-l,119.0,99.9,SAIRME
208644,"Вода Edis негазированная, 950мл",https://online.metro-cc.ru/products/095l-voda-edis-negaz-st-208644,251.0,,EDIS
202830,"Вода Mivela Mg++ минеральная лечебно-столовая негазированная, 1л",https://online.metro-cc.ru/products/1l-min-voda-mivela-lechebno-stolovaya-bg-202830,184.0,,MIVELA MG++
203722,"Вода Gletcher природная газированная, 1.5л",https://online.metro-cc.ru/products/15l-voda-prirodnaya-pitevaya-gletcher-gaz-pet-203722,262.0,,GLETCHER
119101,"Вода Черноголовка Baby негазированная, 330мл",https://online.metro-cc.ru/products/chernogolovka-baby-pet-033-l-119101,28.0,,ЧЕРНОГОЛОВКА
84866,"Вода Липецкая Росинка Лайт со вкусом вишни газированная, 1.5л",https://online.metro-cc.ru/products/voda-gazirovannaya-vishnya-v-pet-lipeckaya-rosinka-15l-84866,65.9,49.9,ЛИПЕЦКАЯ РОСИНКА
231868,"Вода Сенежская лимон-мята газированная, 1л",https://online.metro-cc.ru/products/voda-senezhskaya-limon-myata-gazirovannaya-1l,57.9,,СЕНЕЖСКАЯ
92193,"Вода Липецкая Лайт негазированная, 1.5л",https://online.metro-cc.ru/products/voda-lipeckaya-rosinka-lajt-negazirovannaya-15l,44.49,32.9,ЛИПЕЦКАЯ
208641,"Вода Edis газированная, 950мл",https://online.metro-cc.ru/products/095l-voda-edis-gaz-st-208641,251.0,,EDIS
131467,"Вода Sairme Родники негазированная, 500мл",https://online.metro-cc.ru/products/05-l-sairme-rodniki-b-g-pet-131467,53.9,,SAIRME
131481,"Вода Sairme Родники негазированная, 1л",https://online.metro-cc.ru/products/1l-sairme-rodniki-b-g-pet-131481,90.9,,SAIRME
203705,"Вода Gletcher природная негазированная, 500мл",https://online.metro-cc.ru/products/05l-voda-prirodnaya-pitevaya-gletcher-negaz-pet-203705,114.0,,GLETCHER
206023,"Вода Fleur Alpine питьевая детская с рождения негазированная, 1л",https://online.metro-cc.ru/products/1l-voda-detskaya-pitevaya-fleur-alpin-s-rozhdeniya-pet-206023,202.0,,FLEUR ALPINE
215218,"Вода Baikal Pearl негазированная, 250мл",https://online.metro-cc.ru/products/025l-voda-zhemchuzhina-baykala-bg-st-215218,104.0,,BAIKAL PEARL
133366,"Вода Kobi минеральная газированная, 500мл",https://online.metro-cc.ru/products/voda-mineralnaya-kobi-500ml-133366,79.9,59.9,KOBI
212950,"Вода Fahrenheit витаминная лимон-лайм негазированная, 500мл",https://online.metro-cc.ru/products/05l-voda-fahrenheit-vitamin-limonlaym-pet-212950,114.0,59.9,FAHRENHEIT
461359,"Вода Новотерская минеральная целебная питьевая газированная, 500мл",https://online.metro-cc.ru/products/novoterskaya-celebnaya-05-l,59.9,,НОВОТЕРСКАЯ
461360,"Вода Новотерская минеральная целебная питьевая газированная, 500мл",https://online.metro-cc.ru/products/novoterskaya-celebnaya-05-l-461360,41.5,,НОВОТЕРСКАЯ
221433,"Вода Fahrenheit негазированная, 1л",https://online.metro-cc.ru/products/1l-voda-fahrenheit-bg-pet-221433,116.0,74.9,FAHRENHEIT
208549,"Вода Edis газированная, 500мл",https://online.metro-cc.ru/products/05l-voda-edis-gaz-st-208549,154.0,,EDIS
113158,"Вода Мтаби минеральная лечебно-столовая газированная, 450мл",https://online.metro-cc.ru/products/045-l-min-voda-mtabi-st-113158,70.9,,МТАБИ
212939,"Вода минеральная Сенежская питьевая газированная, 750мл",https://online.metro-cc.ru/products/075l-voda-senezhskaya-gaz-st-212939,87.9,,СЕНЕЖСКАЯ
215855,"Вода Legend of Baikal лайм негазированная, 330мл",https://online.metro-cc.ru/products/033l-voda-legend-of-baikal-laym-bg-zhb-215855,98.99,59.9,LEGEND OF BAIKAL
111723,"Напиток Borjomi Flavored с экстрактами лайма и кориандра газированный, 330мл",https://online.metro-cc.ru/products/napitok-borjomi-flavored-water-lajm-koriandr-bez-sahara-330-ml,92.9,,BORJOMI
615319,"RIOBA Вода газированная, 750мл",https://online.metro-cc.ru/products/rioba-gazirovannaya-075-l,82.9,,RIOBA
473584,"Вода питьевая Шишкин лес газированная, 1л",https://online.metro-cc.ru/products/shishkin-les-gazirovannaya-1-l-473584,50.9,,ШИШКИН ЛЕС
221275,"Вода Petroglyph минеральная природная столовая негазированная, 0.75л",https://online.metro-cc.ru/products/075l-min-voda-petroglyph-prirod-stol-bg-st-221275,126.0,,PETROGLYPH
234653,"Вода минеральная Kobi газированная, 500мл",https://online.metro-cc.ru/products/voda-mineralnaya-kobi-gazirovannaya-500ml-234653,99.9,,KOBI
214946,"Вода Святой Источник со вкусом персика негазированная, 500мл",https://online.metro-cc.ru/products/05l-voda-svyatoy-istochnik-so-vkusom-persika-bg-pet-214946,50.9,,СВЯТОЙ ИСТОЧНИК
615318,"RIOBA Вода негазированная, 750мл",https://online.metro-cc.ru/products/rioba-negazirovannaya-075-l,82.9,,RIOBA
563951,"Вода Сенежская питьевая негазированная, 330мл",https://online.metro-cc.ru/products/mineralnaya-senezhskaya-negazirovannaya-033-l,19.69,,СЕНЕЖСКАЯ
554432,"Вода Калинов Родничок детская питьевая негазированная с 0 месяцев, 6л",https://online.metro-cc.ru/products/kalinov-rodnichok-detskaya-6l,116.0,,КАЛИНОВ РОДНИЧОК
568378,"Вода Aqua Russa газированная, 500мл",https://online.metro-cc.ru/products/aqua-russa-gazirovannaya-05-l,97.9,,AQUA RUSSA
230479,"Вода минеральная Набеглави газированная, 500мл",https://online.metro-cc.ru/products/voda-mineralnaya-nabeglavi-gazirovannaya-500ml,92.9,,НАБЕГЛАВИ
202468,"Вода Chaokoh кокосовая негазированная, 350мл",https://online.metro-cc.ru/products/035l-kokosovaya-voda-chaokoh-zhb-202468,204.0,,CHAOKOH
228614,"Напиток витаминный Lifeline арбуз-яблоко негазированный, 500мл",https://online.metro-cc.ru/products/05l-vit-nap-lifeline-arbuzyabloko-bg-pet-228614,67.9,,LIFELINE
128094,"Вода Святой Источник негазированная клубника, 500мл",https://online.metro-cc.ru/products/svyatoj-istochnik-negazirovannaya-klubnika-500ml,50.9,,СВЯТОЙ ИСТОЧНИК
128105,"Вода Святой Источник негазированная яблоко, 1.5л",https://online.metro-cc.ru/products/svyatoj-istochnik-negazirovannaya-yabloko-15l,78.9,,СВЯТОЙ ИСТОЧНИК
212937,"Вода минеральная Сенежская питьевая негазированная, 750мл",https://online.metro-cc.ru/products/075l-voda-senezhskaya-bg-st-212937,87.9,,СЕНЕЖСКАЯ
464838,"Вода Aqua Minerale питьевая газированная, 260мл",https://online.metro-cc.ru/products/aqua-minerale-gazirovannaya-025-l,117.0,,AQUA MINERALE
231255,"Вода минеральная Miss mineral detox газированная, 1л",https://online.metro-cc.ru/products/voda-mineralnaya-miss-mineral-detox-gazirovannaya-1l,113.0,,MISS MINERAL DETOX
456726,"Вода San Benedetto минеральная негазированная, 750мл",https://online.metro-cc.ru/products/sanbenedetto-stolovaya-pityevaya-negazirovannaya-075-l,329.0,,SAN BENEDETTO
111725,"Напиток Borjomi Flavored с ароматом дикой земляники и экстрактом артемизии газированный, 330мл",https://online.metro-cc.ru/products/napitok-borjomi-flavored-water-zemdyanika-travy-bez-sahara-330-ml,92.9,,BORJOMI
203024,"Вода Aqua Minerale черешня газированная, 1л",https://online.metro-cc.ru/products/1l-voda-aqua-minerale-chereshnya-gaz-pet-203024,94.9,89.9,AQUA MINERALE
218905,"aro Вода лайм-мята негазированная, 500мл",https://online.metro-cc.ru/products/05l-voda-aro-laymmyata-bg-pet-218905,31.0,,ARO
568377,"Вода Aqua Russa негазированная, 500мл",https://online.metro-cc.ru/products/aqua-russa-negazirovannaya-05-l,97.9,,AQUA RUSSA
138356,"Вода San Bernardo Frizzante Premium природная газированная, 500мл",https://online.metro-cc.ru/products/05l-voda-san-bernardo-frizzante-premium-pet-138356,149.0,92.9,SAN BERNARDO
533437,"Вода Калинов Родник газированная, 500мл",https://online.metro-cc.ru/products/art_533437,28.49,,КАЛИНОВ РОДНИК
111728,"Напиток Borjomi Flavored с ароматами вишни и граната газированный, 330мл",https://online.metro-cc.ru/products/napitok-borjomi-flavored-water-vishnya-granat-bez-sahara-330-ml,92.9,,BORJOMI
229680,"Вода Aqua Minerale Active цитрус негазированная, 1л",https://online.metro-cc.ru/products/1l-voda-aqua-minerale-active-tsitrus-pet-229680,99.9,,AQUA MINERALE
573872,"Вода Tassay питьевая негазированная, 1л",https://online.metro-cc.ru/products/tassay-negazirovannaya-1-l,61.9,,TASSAY
228626,"Напиток витаминный Lifeline лимон негазированный, 500мл",https://online.metro-cc.ru/products/05l-vit-nap-lifeline-limon-bg-pet-228626,66.9,,LIFELINE
231866,"Вода питьевая Сенежская Sport негазированная, 750мл",https://online.metro-cc.ru/products/voda-senezhskaya-sport-bez-gaza-750ml,47.99,,СЕНЕЖСКАЯ
215857,"Вода Legend of Baikal малина негазированная, 330мл",https://online.metro-cc.ru/products/033l-voda-legend-of-baikal-malina-bg-zhb-215857,98.99,59.9,LEGEND OF BAIKAL
130445,"RIOBA Вода минеральная столовая газированная, 500мл",https://online.metro-cc.ru/products/05-l-min-rioba-stolovaya-st-130445,56.9,,RIOBA
125926,"Напиток Vitamin Well Defence цитрус-бузина негазированный, 500мл",https://online.metro-cc.ru/products/vitamin-well-defence-citrus-buzina-05-l-125926,224.0,,VITAMIN WELL
125928,"Напиток Vitamin Well Reload лимон-лайм негазированный, 500мл",https://online.metro-cc.ru/products/vitamin-well-reload-limon-lajm-05-l-125928,224.0,,VITAMIN WELL
125922,"Напиток Vitamin Well antioxidant персик негазированный, 500мл",https://online.metro-cc.ru/products/vitamin-well-antioxidant-persik-05-l-125922,224.0,,VITAMIN WELL
125924,"Напиток Vitamin Well Awake малина негазированный, 500мл",https://online.metro-cc.ru/products/vitamin-well-awake-malina-05-l-125924,224.0,,VITAMIN WELL
128096,"Вода Святой Источник негазированная яблоко, 500мл",https://online.metro-cc.ru/products/svyatoj-istochnik-negazirovannaya-yabloko-500ml,50.9,,СВЯТОЙ ИСТОЧНИК
202481,"Вода Rare минеральная кремнистая газированная, 330мл",https://online.metro-cc.ru/products/033l-voda-rare-mineralnaya-kremnistaya-gaz-st-202481,117.0,,RARE
129055,"Вода минеральная Рычал-Су газированная, 500мл",https://online.metro-cc.ru/products/voda-mineralnaya-rychal-su-500ml,77.9,,РЫЧАЛ-СУ
31182,"Напиток Aqua Minerale с соком Черешня газированный, 500мл",https://online.metro-cc.ru/products/aqua-minerale-so-vkusom-chereshni-05-l-31182,76.9,64.9,AQUA MINERALE
229286,"Вода Aqua Minerale Fresh гранат газированная, 500мл",https://online.metro-cc.ru/products/05l-voda-aqua-minerale-fresh-granat-gaz-pet-229286,76.9,64.9,AQUA MINERALE
218908,"aro Вода лимон негазированная, 500мл",https://online.metro-cc.ru/products/05l-voda-aro-limon-bg-pet-218908,31.0,,ARO
461366,"Вода Нарзан минеральная газированная, 500мл",https://online.metro-cc.ru/products/narzan-prirodnoj-gazacii-05-l-461366,62.9,,НАРЗАН
96665,"Вода Липецкая минеральная газированная, 500мл",https://online.metro-cc.ru/products/mineralnaya-lipeckaya-gazirovannaya-05-l,39.49,24.9,ЛИПЕЦКАЯ
540361,"Вода Aqua Minerale питьевая негазированная, 260мл",https://online.metro-cc.ru/products/aqua-minerale-bez-gaza-026-l-540361,117.0,,AQUA MINERALE
203728,"Вода Gletcher природная газированная, 500мл",https://online.metro-cc.ru/products/05l-voda-prirodnaya-pitevaya-gletcher-gaz-pet-203728,114.0,,GLETCHER
98038,"Вода Святой Источник негазированная, 500мл x 12 шт",https://online.metro-cc.ru/products/svyatoj-istochnik-negazirovannaya-05-l,406.8,,СВЯТОЙ ИСТОЧНИК
98041,"Вода Святой Источник негазированная, 330мл x 12 шт",https://online.metro-cc.ru/products/svyatoj-istochnik-negazirovannaya-033-l,358.8,238.8,СВЯТОЙ ИСТОЧНИК
455469,"Вода Святой Источник негазированная, 1л x 6 шт",https://online.metro-cc.ru/products/svyatoj-istochnik-negazirovannaya-1-l,299.4,,СВЯТОЙ ИСТОЧНИК
858,"Вода Святой Источник газированная, 1л x 6 шт",https://online.metro-cc.ru/products/svyatoj-istochnik-gazirovannaya-pet-1l-858,299.4,,СВЯТОЙ ИСТОЧНИК
104085,"Вода питьевая Шишкин лес Спорт негазированная, 1л x 12 шт",https://online.metro-cc.ru/products/shishkin-les-stolovaya-negazirovannaya-sport-1l-h-12sht,706.8,,ШИШКИН ЛЕС
40828,"Вода Черноголовка негазированная, 500мл",https://online.metro-cc.ru/products/art_40828,26.99,21.9,ЧЕРНОГОЛОВКА
267995,"Вода Новотерская питьевая негазированная, 5л",https://online.metro-cc.ru/products/novoterskaya-pityevaya-negazirovannaya-5l,140.0,,НОВОТЕРСКАЯ
202834,"Вода Mivela Mg++ минеральная лечебно-столовая газированная, 1л",https://online.metro-cc.ru/products/1l-min-voda-mivela-lechebno-stolovaya-gaz-202834,184.0,,MIVELA MG++
866,"Вода Borjomi природная минеральная газированная, 1.25л x 6 шт",https://online.metro-cc.ru/products/borjomi-mineralnaya-125l,1050.0,,BORJOMI
276771,"Вода Donat Mg минеральная природная лечебная газированная, 1л x 6 шт",https://online.metro-cc.ru/products/donat-mg-lechebno-stolovaya-prirodnoj-gazacii-1l-276771,1650.0,,DONAT
125533,"Вода Legend of Baikal питьевая газированная, 500мл",https://online.metro-cc.ru/products/gazirovannaya-legend-of-baikal-steklo-05-l-125533,127.0,,LEGEND OF BAIKAL
231252,"Вода Svetla негазированная, 1.5л",https://online.metro-cc.ru/products/voda-svetla-bez-gaza-15l,102.0,,SVETLA
212958,"Вода Fahrenheit негазированная, 500мл",https://online.metro-cc.ru/products/05l-voda-fahrenheit-bg-pet-212958,70.9,49.9,FAHRENHEIT
221267,"Вода Petroglyph минеральная природная столовая негазированная, 0.375л",https://online.metro-cc.ru/products/0375l-min-voda-petroglyph-prirod-stol-bg-st,87.9,,PETROGLYPH
213512,"Вода Аштау минеральная Скважина 6-к природная газированная, 1л",https://online.metro-cc.ru/products/1l-min-voda-ash-tau-skvazhina-6-k-prirodnaya-gaz-pet-213512,72.9,59.9,АШТАУ
215216,"Вода Baikal Reserve газированная, 250мл",https://online.metro-cc.ru/products/025l-voda-baykal-rezerv-gaz-st-215216,104.0,,BAIKAL RESERVE
213009,"Вода Липецкая Росинка с соком тропических фруктов газированная, 1.5л",https://online.metro-cc.ru/products/15l-voda-lipetskaya-rosinka-s-sokom-trop-frukt-gaz-pet-213009,65.9,49.9,ЛИПЕЦКАЯ РОСИНКА
229291,"Вода Aqua Minerale Fresh гранат газированная, 1л",https://online.metro-cc.ru/products/1l-voda-aqua-minerale-fresh-granat-gaz-pet-229291,94.9,89.9,AQUA MINERALE
473516,"Вода Шишкин лес негазированная спорт, 400мл",https://online.metro-cc.ru/products/shishkin-les-sport-negazirovannaya-04-l,44.99,,ШИШКИН ЛЕС
457138,"Вода Borjomi природная минеральная газированная, 750мл x 6 шт",https://online.metro-cc.ru/products/borjomi-lechebno-stolovaya-gazirovannaya-075ml-6-sht,804.0,,BORJOMI
234635,"Вода минеральная Kobi газированная, 330мл",https://online.metro-cc.ru/products/voda-mineralnaya-kobi-gazirovannaya-330ml,72.9,,KOBI
624571,"Вода Borjomi природная минеральная газированная, 330мл x 12 шт",https://online.metro-cc.ru/products/art_624571,958.8,,BORJOMI
91354,"Вода Stelmas Mg+ минеральная газированная, 500мл",https://online.metro-cc.ru/products/stelmas-mg-pet-05-l,65.9,,STELMAS
95542,"Вода Липецкая Росинка Лайт негазированная, 500мл",https://online.metro-cc.ru/products/voda-lipeckaya-rosinka-lajt-05-l,39.49,24.9,ЛИПЕЦКАЯ РОСИНКА
131447,"Вода мнеральная Mever газированная, 500мл",https://online.metro-cc.ru/products/05-l-min-mever-gaz-st-131447,74.9,,MEVER
117611,"Вода Черноголовка минеральная газированная, 500мл",https://online.metro-cc.ru/products/05-l-min-chernogolovka-gaz-pet-117611,29.49,21.9,ЧЕРНОГОЛОВКА
98028,"Вода Святой Источник негазированная, 1.5л x 6 шт",https://online.metro-cc.ru/products/svyatoj-istochnik-negazirovannaya-15l,287.4,,СВЯТОЙ ИСТОЧНИК
200158,"Вода Черноголовка негазированная, 330мл",https://online.metro-cc.ru/products/033l-voda-chernogolovka-bg-st-200158,50.9,41.9,ЧЕРНОГОЛОВКА
2496,"Вода Сенежская питьевая негазированная, 500мл x 12 шт",https://online.metro-cc.ru/products/senezhskaya-mineralnaya-negazirovannaya-05-l-h-12sht,286.8,202.8,СЕНЕЖСКАЯ
200160,"Вода Черноголовка газированная, 330мл",https://online.metro-cc.ru/products/033l-voda-chernogolovka-gaz-st-200160,50.9,41.9,ЧЕРНОГОЛОВКА
271582,"Вода Рычал-Су минеральная газированная, 1л x 9 шт",https://online.metro-cc.ru/products/rychal-su-1-l,782.1,,РЫЧАЛ-СУ
110972,"Вода Святой Источник негазированная, 5л x 2 шт",https://online.metro-cc.ru/products/5l-voda-svyatoj-istochnik-b-g,258.0,,СВЯТОЙ ИСТОЧНИК
204181,"Вода Vichy Celestins минеральная питьевая лечебно-столовая газированная, 330мл",https://online.metro-cc.ru/products/033l-voda-vichy-celestins-min-pit-lecheb-stol-gaz-st-204181,209.0,,VICHY CELESTINS
2481,"Вода питьевая Сенежская негазированная, 1.5л x 6 шт",https://online.metro-cc.ru/products/senezhskaya-negazirovannaya-15l,221.4,,СЕНЕЖСКАЯ
6446,"Вода Новотерская минеральная целебная питьевая газированная, 1.5л x 6 шт",https://online.metro-cc.ru/products/novoterskaya-lechebnaya-15l,425.4,,НОВОТЕРСКАЯ
109164,"Вода Псыж газированная, 1л x 6 шт",https://online.metro-cc.ru/products/voda-gazirovannaya-psyzh-pet-1l,359.4,269.4,ПСЫЖ
236121,"Вода Сенежская Малютка, 5л",https://online.metro-cc.ru/products/voda-senezhskaya-malyutka-5l,119.0,,СЕНЕЖСКАЯ
98031,"Вода Святой Источник газированная, 1.5л x 6 шт",https://online.metro-cc.ru/products/svyatoj-istochnik-gazirovannaya-15l,287.4,,СВЯТОЙ ИСТОЧНИК
109123,"Вода Шишкин лес питьевая негазированная, 5л x 2 шт",https://online.metro-cc.ru/products/shishkin-les-voda-pityevaya-negazirovannaya-5l,218.0,,ШИШКИН ЛЕС
132465,"Вода Aqua Minerale питьевая негазированная, 5л x 4 шт",https://online.metro-cc.ru/products/aqua-minerale-stolovaya-negazirovannaya-5l,516.0,476.0,AQUA MINERALE
